{"cameraMode":{"drawMode":0,"name":"Shaded","section":"Shading Mode"},"sceneLighting":false,"audioPlay":false,"sceneViewState":{"showFog":true,"showMaterialUpdate":false,"showSkybox":false,"showFlares":true,"showImageEffects":true,"showParticleSystems":true},"in2DMode":false,"pivot":{"x":-16.149999618530275,"y":2.7360000610351564,"z":-17.6200008392334},"rotation":{"x":-0.03301217034459114,"y":0.13214229047298432,"z":-0.004407125525176525,"w":-0.99070143699646},"size":0.7467635869979858,"orthographic":false}