{"cameraMode":{"drawMode":0,"name":"Shaded","section":"Shading Mode"},"sceneLighting":false,"audioPlay":false,"sceneViewState":{"showFog":true,"showMaterialUpdate":false,"showSkybox":false,"showFlares":true,"showImageEffects":true,"showParticleSystems":true},"in2DMode":false,"pivot":{"x":-16.182878494262697,"y":2.0009305477142336,"z":-43.49049758911133},"rotation":{"x":-0.2499060034751892,"y":-0.13971686363220216,"z":0.03647029399871826,"w":-0.9574735760688782},"size":0.039322011172771457,"orthographic":false}