{"cameraMode":{"drawMode":0,"name":"Shaded","section":"Shading Mode"},"sceneLighting":false,"audioPlay":false,"sceneViewState":{"showFog":true,"showMaterialUpdate":false,"showSkybox":false,"showFlares":true,"showImageEffects":true,"showParticleSystems":true},"in2DMode":false,"pivot":{"x":-16.071800231933595,"y":1.5099999904632569,"z":-42.693885803222659},"rotation":{"x":-0.1743583381175995,"y":0.28691720962524416,"z":-0.05319537594914436,"w":-0.9404934048652649},"size":0.06698589771986008,"orthographic":false}